{
    "name": "dark-matter",
    "title": "Dark Matter Core Ruleset Expansion",
    "description": "Module to extend the Dark Matter DND5e Ruleset",
    "author": "modem56k",
    "version": "0.0.4",
    "minimumCoreVersion": "0.8.9",
    "compatibleCoreVersion": "0.8.9",
    "minimumSystemVersion": "1.4.0",
    "packs": [],
    "systems": [
        "dnd5e"
    ],
    "url": "https://github.com/Modem56k/darkmatter.git",
    "manifest": "https://github.com/Modem56k/darkmatter/releases/download/0.0.4/module.json",
    "download": "https://github.com/Modem56k/darkmatter/releases/download/0.0.4/darkmatter.zip",
    "dependencies": [
        {
            "name": "dnd5e",
            "type": "system"
        },
        {
            "name": "lib-wrapper"
        }
    ],
    "languages": [
        {
            "lang": "en",
            "name": "English",
            "path": "lang/en.json"
        }
    ],
    "esmodules": [
        "scripts/init.js"
    ]
}